variant	sample	allele	key	value
Deletion::8:11,245,559-11,247,207(1648)	8	alt	count	346
Deletion::8:11,245,559-11,247,207(1648)	8	amb	count	1067
Deletion::8:11,245,559-11,247,207(1648)	8	alt	reason_alignmentScore	186
Deletion::8:11,245,559-11,247,207(1648)	8	alt	reason_insertSizeScore	160
Deletion::8:11,245,559-11,247,207(1648)	8	amb	reason_alignmentScore_alignmentScore	276
Deletion::8:11,245,559-11,247,207(1648)	8	amb	reason_multimapping	112
Deletion::8:11,245,559-11,247,207(1648)	8	amb	reason_orientation_orientation	6
Deletion::8:11,245,559-11,247,207(1648)	8	amb	reason_same_scores	673
Deletion::8:11,245,559-11,247,207(1648)	8	alt	alnScore_mean	401.289017341
Deletion::8:11,245,559-11,247,207(1648)	8	alt	alnScore_std	4.93515707298
Deletion::8:11,245,559-11,247,207(1648)	8	amb	alnScore_mean	350.542642924
Deletion::8:11,245,559-11,247,207(1648)	8	amb	alnScore_std	67.1884200994
Deletion::8:11,245,559-11,247,207(1648)	8	alt	insertSize_mean	340.786127168
Deletion::8:11,245,559-11,247,207(1648)	8	alt	insertSize_std	75.5386088437
Deletion::8:11,245,559-11,247,207(1648)	8	amb	insertSize_mean	457.451733833
Deletion::8:11,245,559-11,247,207(1648)	8	amb	insertSize_std	473.201018196
Deletion::8:84,959,373-84,959,555(182)	8	alt	count	319
Deletion::8:84,959,373-84,959,555(182)	8	amb	count	1175
Deletion::8:84,959,373-84,959,555(182)	8	alt	reason_alignmentScore	225
Deletion::8:84,959,373-84,959,555(182)	8	alt	reason_insertSizeScore	94
Deletion::8:84,959,373-84,959,555(182)	8	amb	reason_alignmentScore_alignmentScore	298
Deletion::8:84,959,373-84,959,555(182)	8	amb	reason_multimapping	78
Deletion::8:84,959,373-84,959,555(182)	8	amb	reason_orientation_orientation	4
Deletion::8:84,959,373-84,959,555(182)	8	amb	reason_same_scores	795
Deletion::8:84,959,373-84,959,555(182)	8	alt	alnScore_mean	401.802507837
Deletion::8:84,959,373-84,959,555(182)	8	alt	alnScore_std	3.34277773562
Deletion::8:84,959,373-84,959,555(182)	8	amb	alnScore_mean	361.283404255
Deletion::8:84,959,373-84,959,555(182)	8	amb	alnScore_std	59.5141508392
Deletion::8:84,959,373-84,959,555(182)	8	alt	insertSize_mean	336.39184953
Deletion::8:84,959,373-84,959,555(182)	8	alt	insertSize_std	76.1137990366
Deletion::8:84,959,373-84,959,555(182)	8	amb	insertSize_mean	375.357446809
Deletion::8:84,959,373-84,959,555(182)	8	amb	insertSize_std	237.026508747