variant	sample	allele	key	value
Deletion::17:81,025,597-81,025,682(85)	17	alt	count	85
Deletion::17:81,025,597-81,025,682(85)	17	amb	count	1051
Deletion::17:81,025,597-81,025,682(85)	17	ref	count	160
Deletion::17:81,025,597-81,025,682(85)	17	alt	reason_alignmentScore	80
Deletion::17:81,025,597-81,025,682(85)	17	alt	reason_insertSizeScore	5
Deletion::17:81,025,597-81,025,682(85)	17	amb	reason_alignmentScore_alignmentScore	296
Deletion::17:81,025,597-81,025,682(85)	17	amb	reason_multimapping	104
Deletion::17:81,025,597-81,025,682(85)	17	amb	reason_orientation_orientation	38
Deletion::17:81,025,597-81,025,682(85)	17	amb	reason_same_scores	613
Deletion::17:81,025,597-81,025,682(85)	17	ref	reason_alignmentScore	160
Deletion::17:81,025,597-81,025,682(85)	17	alt	alnScore_mean	395.670588235
Deletion::17:81,025,597-81,025,682(85)	17	alt	alnScore_std	5.40889949728
Deletion::17:81,025,597-81,025,682(85)	17	amb	alnScore_mean	355.662226451
Deletion::17:81,025,597-81,025,682(85)	17	amb	alnScore_std	49.3511379285
Deletion::17:81,025,597-81,025,682(85)	17	ref	alnScore_mean	398.925
Deletion::17:81,025,597-81,025,682(85)	17	ref	alnScore_std	7.64407450252
Deletion::17:81,025,597-81,025,682(85)	17	alt	insertSize_mean	342.035294118
Deletion::17:81,025,597-81,025,682(85)	17	alt	insertSize_std	85.6292208315
Deletion::17:81,025,597-81,025,682(85)	17	amb	insertSize_mean	303.614652712
Deletion::17:81,025,597-81,025,682(85)	17	amb	insertSize_std	162.222195926
Deletion::17:81,025,597-81,025,682(85)	17	ref	insertSize_mean	324.95
Deletion::17:81,025,597-81,025,682(85)	17	ref	insertSize_std	73.5444423461