variant	sample	allele	key	value
Deletion::11:124,830,139-124,830,246(107)	11	alt	count	17
Deletion::11:124,830,139-124,830,246(107)	11	amb	count	191
Deletion::11:124,830,139-124,830,246(107)	11	alt	reason_alignmentScore	17
Deletion::11:124,830,139-124,830,246(107)	11	amb	reason_alignmentScore_alignmentScore	15
Deletion::11:124,830,139-124,830,246(107)	11	amb	reason_same_scores	176
Deletion::11:124,830,139-124,830,246(107)	11	alt	alnScore_mean	10866.1176471
Deletion::11:124,830,139-124,830,246(107)	11	alt	alnScore_std	4173.04773492
Deletion::11:124,830,139-124,830,246(107)	11	amb	alnScore_mean	6974.14136126
Deletion::11:124,830,139-124,830,246(107)	11	amb	alnScore_std	3467.88653231
Deletion::11:124,830,139-124,830,246(107)	11	alt	insertSize_mean	5444.76470588
Deletion::11:124,830,139-124,830,246(107)	11	alt	insertSize_std	2090.52097446
Deletion::11:124,830,139-124,830,246(107)	11	amb	insertSize_mean	3509.43455497
Deletion::11:124,830,139-124,830,246(107)	11	amb	insertSize_std	1751.72561284