variant	sample	allele	key	value
Deletion::X:5,055,344-5,057,499(2155)	X	alt	count	6
Deletion::X:5,055,344-5,057,499(2155)	X	amb	count	126
Deletion::X:5,055,344-5,057,499(2155)	X	alt	reason_alignmentScore	6
Deletion::X:5,055,344-5,057,499(2155)	X	amb	reason_alignmentScore_alignmentScore	3
Deletion::X:5,055,344-5,057,499(2155)	X	amb	reason_same_scores	123
Deletion::X:5,055,344-5,057,499(2155)	X	alt	alnScore_mean	14249.3333333
Deletion::X:5,055,344-5,057,499(2155)	X	alt	alnScore_std	3791.2549227
Deletion::X:5,055,344-5,057,499(2155)	X	amb	alnScore_mean	6743.66666667
Deletion::X:5,055,344-5,057,499(2155)	X	amb	alnScore_std	3718.07882845
Deletion::X:5,055,344-5,057,499(2155)	X	alt	insertSize_mean	7166.33333333
Deletion::X:5,055,344-5,057,499(2155)	X	alt	insertSize_std	1905.00749488
Deletion::X:5,055,344-5,057,499(2155)	X	amb	insertSize_mean	3462.33333333
Deletion::X:5,055,344-5,057,499(2155)	X	amb	insertSize_std	1962.58883127
Deletion::X:66,103,778-66,103,901(123)	X	alt	count	25
Deletion::X:66,103,778-66,103,901(123)	X	amb	count	172
Deletion::X:66,103,778-66,103,901(123)	X	ref	count	21
Deletion::X:66,103,778-66,103,901(123)	X	alt	reason_alignmentScore	25
Deletion::X:66,103,778-66,103,901(123)	X	amb	reason_alignmentScore_alignmentScore	32
Deletion::X:66,103,778-66,103,901(123)	X	amb	reason_same_scores	140
Deletion::X:66,103,778-66,103,901(123)	X	ref	reason_alignmentScore	21
Deletion::X:66,103,778-66,103,901(123)	X	alt	alnScore_mean	8239.72
Deletion::X:66,103,778-66,103,901(123)	X	alt	alnScore_std	2456.82617244
Deletion::X:66,103,778-66,103,901(123)	X	amb	alnScore_mean	8720.48255814
Deletion::X:66,103,778-66,103,901(123)	X	amb	alnScore_std	4360.72232185
Deletion::X:66,103,778-66,103,901(123)	X	ref	alnScore_mean	8808.33333333
Deletion::X:66,103,778-66,103,901(123)	X	ref	alnScore_std	3570.09668181
Deletion::X:66,103,778-66,103,901(123)	X	alt	insertSize_mean	4126.84
Deletion::X:66,103,778-66,103,901(123)	X	alt	insertSize_std	1229.91686483
Deletion::X:66,103,778-66,103,901(123)	X	amb	insertSize_mean	4366.02325581
Deletion::X:66,103,778-66,103,901(123)	X	amb	insertSize_std	2182.78205762
Deletion::X:66,103,778-66,103,901(123)	X	ref	insertSize_mean	4412.66666667
Deletion::X:66,103,778-66,103,901(123)	X	ref	insertSize_std	1787.29077586