variant	sample	allele	key	value
Deletion::22:37,127,074-37,127,245(171)	22	alt	count	298
Deletion::22:37,127,074-37,127,245(171)	22	amb	count	1151
Deletion::22:37,127,074-37,127,245(171)	22	alt	reason_alignmentScore	170
Deletion::22:37,127,074-37,127,245(171)	22	alt	reason_insertSizeScore	128
Deletion::22:37,127,074-37,127,245(171)	22	amb	reason_alignmentScore_alignmentScore	286
Deletion::22:37,127,074-37,127,245(171)	22	amb	reason_multimapping	80
Deletion::22:37,127,074-37,127,245(171)	22	amb	reason_orientation_alignmentScore	6
Deletion::22:37,127,074-37,127,245(171)	22	amb	reason_orientation_orientation	3
Deletion::22:37,127,074-37,127,245(171)	22	amb	reason_same_scores	776
Deletion::22:37,127,074-37,127,245(171)	22	alt	alnScore_mean	397.66442953
Deletion::22:37,127,074-37,127,245(171)	22	alt	alnScore_std	4.6423939934
Deletion::22:37,127,074-37,127,245(171)	22	amb	alnScore_mean	356.336229366
Deletion::22:37,127,074-37,127,245(171)	22	amb	alnScore_std	65.0287838376
Deletion::22:37,127,074-37,127,245(171)	22	alt	insertSize_mean	345.677852349
Deletion::22:37,127,074-37,127,245(171)	22	alt	insertSize_std	71.3998353594
Deletion::22:37,127,074-37,127,245(171)	22	amb	insertSize_mean	349.739357081
Deletion::22:37,127,074-37,127,245(171)	22	amb	insertSize_std	183.357948026