variant	sample	allele	key	value
Deletion::16:89,408,396-89,408,485(89)	16	alt	count	44
Deletion::16:89,408,396-89,408,485(89)	16	amb	count	1299
Deletion::16:89,408,396-89,408,485(89)	16	ref	count	205
Deletion::16:89,408,396-89,408,485(89)	16	alt	reason_alignmentScore	42
Deletion::16:89,408,396-89,408,485(89)	16	alt	reason_insertSizeScore	1
Deletion::16:89,408,396-89,408,485(89)	16	alt	reason_orientation	1
Deletion::16:89,408,396-89,408,485(89)	16	amb	reason_alignmentScore_alignmentScore	431
Deletion::16:89,408,396-89,408,485(89)	16	amb	reason_multimapping	111
Deletion::16:89,408,396-89,408,485(89)	16	amb	reason_orientation_orientation	3
Deletion::16:89,408,396-89,408,485(89)	16	amb	reason_same_scores	754
Deletion::16:89,408,396-89,408,485(89)	16	ref	reason_alignmentScore	204
Deletion::16:89,408,396-89,408,485(89)	16	ref	reason_orientation	1
Deletion::16:89,408,396-89,408,485(89)	16	alt	alnScore_mean	394.0
Deletion::16:89,408,396-89,408,485(89)	16	alt	alnScore_std	11.8609366486
Deletion::16:89,408,396-89,408,485(89)	16	amb	alnScore_mean	350.58121632
Deletion::16:89,408,396-89,408,485(89)	16	amb	alnScore_std	65.410012474
Deletion::16:89,408,396-89,408,485(89)	16	ref	alnScore_mean	388.458536585
Deletion::16:89,408,396-89,408,485(89)	16	ref	alnScore_std	12.0026211692
Deletion::16:89,408,396-89,408,485(89)	16	alt	insertSize_mean	331.522727273
Deletion::16:89,408,396-89,408,485(89)	16	alt	insertSize_std	99.7135644635
Deletion::16:89,408,396-89,408,485(89)	16	amb	insertSize_mean	354.217090069
Deletion::16:89,408,396-89,408,485(89)	16	amb	insertSize_std	205.086216648
Deletion::16:89,408,396-89,408,485(89)	16	ref	insertSize_mean	330.229268293
Deletion::16:89,408,396-89,408,485(89)	16	ref	insertSize_std	69.6028533334