variant	sample	allele	key	value
Deletion::16:89,408,396-89,408,485(89)	16	alt	count	11
Deletion::16:89,408,396-89,408,485(89)	16	amb	count	182
Deletion::16:89,408,396-89,408,485(89)	16	ref	count	23
Deletion::16:89,408,396-89,408,485(89)	16	alt	reason_alignmentScore	11
Deletion::16:89,408,396-89,408,485(89)	16	amb	reason_alignmentScore_alignmentScore	12
Deletion::16:89,408,396-89,408,485(89)	16	amb	reason_same_scores	170
Deletion::16:89,408,396-89,408,485(89)	16	ref	reason_alignmentScore	23
Deletion::16:89,408,396-89,408,485(89)	16	alt	alnScore_mean	6779.45454545
Deletion::16:89,408,396-89,408,485(89)	16	alt	alnScore_std	2375.47646373
Deletion::16:89,408,396-89,408,485(89)	16	amb	alnScore_mean	5953.48901099
Deletion::16:89,408,396-89,408,485(89)	16	amb	alnScore_std	2727.68511874
Deletion::16:89,408,396-89,408,485(89)	16	ref	alnScore_mean	10524.6956522
Deletion::16:89,408,396-89,408,485(89)	16	ref	alnScore_std	3762.42827965
Deletion::16:89,408,396-89,408,485(89)	16	alt	insertSize_mean	3455.0
Deletion::16:89,408,396-89,408,485(89)	16	alt	insertSize_std	1201.99470578
Deletion::16:89,408,396-89,408,485(89)	16	amb	insertSize_mean	2989.04945055
Deletion::16:89,408,396-89,408,485(89)	16	amb	insertSize_std	1364.95165666
Deletion::16:89,408,396-89,408,485(89)	16	ref	insertSize_mean	5291.2173913
Deletion::16:89,408,396-89,408,485(89)	16	ref	insertSize_std	1888.39803184