variant	sample	allele	key	value
Deletion::8:11,245,559-11,247,207(1648)	8	alt	count	40
Deletion::8:11,245,559-11,247,207(1648)	8	amb	count	192
Deletion::8:11,245,559-11,247,207(1648)	8	alt	reason_alignmentScore	31
Deletion::8:11,245,559-11,247,207(1648)	8	alt	reason_insertSizeScore	9
Deletion::8:11,245,559-11,247,207(1648)	8	amb	reason_alignmentScore_alignmentScore	81
Deletion::8:11,245,559-11,247,207(1648)	8	amb	reason_insertSizeScore_alignmentScore	1
Deletion::8:11,245,559-11,247,207(1648)	8	amb	reason_orientation_orientation	1
Deletion::8:11,245,559-11,247,207(1648)	8	amb	reason_same_scores	109
Deletion::8:11,245,559-11,247,207(1648)	8	alt	alnScore_mean	940.65
Deletion::8:11,245,559-11,247,207(1648)	8	alt	alnScore_std	26.3225663642
Deletion::8:11,245,559-11,247,207(1648)	8	amb	alnScore_mean	835.989583333
Deletion::8:11,245,559-11,247,207(1648)	8	amb	alnScore_std	155.934180478
Deletion::8:11,245,559-11,247,207(1648)	8	alt	insertSize_mean	467.775
Deletion::8:11,245,559-11,247,207(1648)	8	alt	insertSize_std	104.46781502
Deletion::8:11,245,559-11,247,207(1648)	8	amb	insertSize_mean	507.260416667
Deletion::8:11,245,559-11,247,207(1648)	8	amb	insertSize_std	428.379851028
Deletion::8:84,959,373-84,959,555(182)	8	alt	count	33
Deletion::8:84,959,373-84,959,555(182)	8	amb	count	183
Deletion::8:84,959,373-84,959,555(182)	8	alt	reason_alignmentScore	33
Deletion::8:84,959,373-84,959,555(182)	8	amb	reason_alignmentScore_alignmentScore	54
Deletion::8:84,959,373-84,959,555(182)	8	amb	reason_multimapping	6
Deletion::8:84,959,373-84,959,555(182)	8	amb	reason_orientation_orientation	2
Deletion::8:84,959,373-84,959,555(182)	8	amb	reason_same_scores	121
Deletion::8:84,959,373-84,959,555(182)	8	alt	alnScore_mean	942.909090909
Deletion::8:84,959,373-84,959,555(182)	8	alt	alnScore_std	24.7243759444
Deletion::8:84,959,373-84,959,555(182)	8	amb	alnScore_mean	851.366120219
Deletion::8:84,959,373-84,959,555(182)	8	amb	alnScore_std	168.732343257
Deletion::8:84,959,373-84,959,555(182)	8	alt	insertSize_mean	471.424242424
Deletion::8:84,959,373-84,959,555(182)	8	alt	insertSize_std	105.51548222
Deletion::8:84,959,373-84,959,555(182)	8	amb	insertSize_mean	467.661202186
Deletion::8:84,959,373-84,959,555(182)	8	amb	insertSize_std	243.169429729