variant	sample	allele	key	value
Deletion::6:23,743,260-23,745,945(2685)	6	alt	count	47
Deletion::6:23,743,260-23,745,945(2685)	6	amb	count	66
Deletion::6:23,743,260-23,745,945(2685)	6	alt	reason_alignmentScore	47
Deletion::6:23,743,260-23,745,945(2685)	6	amb	reason_alignmentScore_alignmentScore	2
Deletion::6:23,743,260-23,745,945(2685)	6	amb	reason_same_scores	64
Deletion::6:23,743,260-23,745,945(2685)	6	alt	alnScore_mean	11113.3191489
Deletion::6:23,743,260-23,745,945(2685)	6	alt	alnScore_std	4873.13150709
Deletion::6:23,743,260-23,745,945(2685)	6	amb	alnScore_mean	5429.34848485
Deletion::6:23,743,260-23,745,945(2685)	6	amb	alnScore_std	2379.71788175
Deletion::6:23,743,260-23,745,945(2685)	6	alt	insertSize_mean	5641.06382979
Deletion::6:23,743,260-23,745,945(2685)	6	alt	insertSize_std	2466.96022275
Deletion::6:23,743,260-23,745,945(2685)	6	amb	insertSize_mean	2796.37878788
Deletion::6:23,743,260-23,745,945(2685)	6	amb	insertSize_std	1196.7390638
Deletion::6:157,699,904-157,703,269(3365)	6	alt	count	3
Deletion::6:157,699,904-157,703,269(3365)	6	amb	count	61
Deletion::6:157,699,904-157,703,269(3365)	6	ref	count	14
Deletion::6:157,699,904-157,703,269(3365)	6	alt	reason_alignmentScore	3
Deletion::6:157,699,904-157,703,269(3365)	6	amb	reason_alignmentScore_alignmentScore	5
Deletion::6:157,699,904-157,703,269(3365)	6	amb	reason_same_scores	56
Deletion::6:157,699,904-157,703,269(3365)	6	ref	reason_alignmentScore	14
Deletion::6:157,699,904-157,703,269(3365)	6	alt	alnScore_mean	8063.0
Deletion::6:157,699,904-157,703,269(3365)	6	alt	alnScore_std	2671.820478
Deletion::6:157,699,904-157,703,269(3365)	6	amb	alnScore_mean	5835.86885246
Deletion::6:157,699,904-157,703,269(3365)	6	amb	alnScore_std	2639.10213542
Deletion::6:157,699,904-157,703,269(3365)	6	ref	alnScore_mean	7683.35714286
Deletion::6:157,699,904-157,703,269(3365)	6	ref	alnScore_std	3493.32787728
Deletion::6:157,699,904-157,703,269(3365)	6	alt	insertSize_mean	4714.0
Deletion::6:157,699,904-157,703,269(3365)	6	alt	insertSize_std	1448.47575057
Deletion::6:157,699,904-157,703,269(3365)	6	amb	insertSize_mean	2974.47540984
Deletion::6:157,699,904-157,703,269(3365)	6	amb	insertSize_std	1338.51358232
Deletion::6:157,699,904-157,703,269(3365)	6	ref	insertSize_mean	4113.35714286
Deletion::6:157,699,904-157,703,269(3365)	6	ref	insertSize_std	2055.01809541