variant	sample	allele	key	value
Deletion::12:10,813,067-10,813,239(172)	12	alt	count	50
Deletion::12:10,813,067-10,813,239(172)	12	amb	count	219
Deletion::12:10,813,067-10,813,239(172)	12	alt	reason_alignmentScore	50
Deletion::12:10,813,067-10,813,239(172)	12	amb	reason_alignmentScore_alignmentScore	18
Deletion::12:10,813,067-10,813,239(172)	12	amb	reason_same_scores	201
Deletion::12:10,813,067-10,813,239(172)	12	alt	alnScore_mean	9625.34
Deletion::12:10,813,067-10,813,239(172)	12	alt	alnScore_std	4881.5250347
Deletion::12:10,813,067-10,813,239(172)	12	amb	alnScore_mean	6576.62557078
Deletion::12:10,813,067-10,813,239(172)	12	amb	alnScore_std	3092.75317291
Deletion::12:10,813,067-10,813,239(172)	12	alt	insertSize_mean	4871.08
Deletion::12:10,813,067-10,813,239(172)	12	alt	insertSize_std	2461.10105311
Deletion::12:10,813,067-10,813,239(172)	12	amb	insertSize_mean	3317.97716895
Deletion::12:10,813,067-10,813,239(172)	12	amb	insertSize_std	1552.79964702
Deletion::12:62,295,032-62,295,217(185)	12	alt	count	19
Deletion::12:62,295,032-62,295,217(185)	12	amb	count	230
Deletion::12:62,295,032-62,295,217(185)	12	alt	reason_alignmentScore	19
Deletion::12:62,295,032-62,295,217(185)	12	amb	reason_alignmentScore_alignmentScore	6
Deletion::12:62,295,032-62,295,217(185)	12	amb	reason_same_scores	224
Deletion::12:62,295,032-62,295,217(185)	12	alt	alnScore_mean	13041.8421053
Deletion::12:62,295,032-62,295,217(185)	12	alt	alnScore_std	4368.06564756
Deletion::12:62,295,032-62,295,217(185)	12	amb	alnScore_mean	8202.51304348
Deletion::12:62,295,032-62,295,217(185)	12	amb	alnScore_std	4522.68477665
Deletion::12:62,295,032-62,295,217(185)	12	alt	insertSize_mean	6552.78947368
Deletion::12:62,295,032-62,295,217(185)	12	alt	insertSize_std	2184.79577701
Deletion::12:62,295,032-62,295,217(185)	12	amb	insertSize_mean	4131.75217391
Deletion::12:62,295,032-62,295,217(185)	12	amb	insertSize_std	2277.77986194