variant	sample	allele	key	value
Deletion::12:10,813,067-10,813,239(172)	12	alt	count	378
Deletion::12:10,813,067-10,813,239(172)	12	amb	count	1189
Deletion::12:10,813,067-10,813,239(172)	12	alt	reason_alignmentScore	233
Deletion::12:10,813,067-10,813,239(172)	12	alt	reason_insertSizeScore	145
Deletion::12:10,813,067-10,813,239(172)	12	amb	reason_alignmentScore_alignmentScore	276
Deletion::12:10,813,067-10,813,239(172)	12	amb	reason_multimapping	111
Deletion::12:10,813,067-10,813,239(172)	12	amb	reason_same_scores	802
Deletion::12:10,813,067-10,813,239(172)	12	alt	alnScore_mean	393.669312169
Deletion::12:10,813,067-10,813,239(172)	12	alt	alnScore_std	5.23461818753
Deletion::12:10,813,067-10,813,239(172)	12	amb	alnScore_mean	353.987384357
Deletion::12:10,813,067-10,813,239(172)	12	amb	alnScore_std	65.2946791937
Deletion::12:10,813,067-10,813,239(172)	12	alt	insertSize_mean	343.267195767
Deletion::12:10,813,067-10,813,239(172)	12	alt	insertSize_std	68.8788909775
Deletion::12:10,813,067-10,813,239(172)	12	amb	insertSize_mean	385.520605551
Deletion::12:10,813,067-10,813,239(172)	12	amb	insertSize_std	233.577059762
Deletion::12:62,295,032-62,295,217(185)	12	alt	count	336
Deletion::12:62,295,032-62,295,217(185)	12	amb	count	1219
Deletion::12:62,295,032-62,295,217(185)	12	alt	reason_alignmentScore	196
Deletion::12:62,295,032-62,295,217(185)	12	alt	reason_insertSizeScore	140
Deletion::12:62,295,032-62,295,217(185)	12	amb	reason_alignmentScore_alignmentScore	355
Deletion::12:62,295,032-62,295,217(185)	12	amb	reason_multimapping	93
Deletion::12:62,295,032-62,295,217(185)	12	amb	reason_orientation_alignmentScore	5
Deletion::12:62,295,032-62,295,217(185)	12	amb	reason_orientation_orientation	3
Deletion::12:62,295,032-62,295,217(185)	12	amb	reason_same_scores	763
Deletion::12:62,295,032-62,295,217(185)	12	alt	alnScore_mean	401.791666667
Deletion::12:62,295,032-62,295,217(185)	12	alt	alnScore_std	3.21428020282
Deletion::12:62,295,032-62,295,217(185)	12	amb	alnScore_mean	350.232157506
Deletion::12:62,295,032-62,295,217(185)	12	amb	alnScore_std	69.7087418849
Deletion::12:62,295,032-62,295,217(185)	12	alt	insertSize_mean	331.574404762
Deletion::12:62,295,032-62,295,217(185)	12	alt	insertSize_std	71.0559416579
Deletion::12:62,295,032-62,295,217(185)	12	amb	insertSize_mean	378.442986054
Deletion::12:62,295,032-62,295,217(185)	12	amb	insertSize_std	229.602947197