variant	sample	allele	key	value
Deletion::10:4,290,063-4,291,682(1619)	10	alt	count	5
Deletion::10:4,290,063-4,291,682(1619)	10	amb	count	151
Deletion::10:4,290,063-4,291,682(1619)	10	alt	reason_alignmentScore	5
Deletion::10:4,290,063-4,291,682(1619)	10	amb	reason_alignmentScore_alignmentScore	32
Deletion::10:4,290,063-4,291,682(1619)	10	amb	reason_same_scores	119
Deletion::10:4,290,063-4,291,682(1619)	10	alt	alnScore_mean	10609.0
Deletion::10:4,290,063-4,291,682(1619)	10	alt	alnScore_std	4902.44265647
Deletion::10:4,290,063-4,291,682(1619)	10	amb	alnScore_mean	3766.8410596
Deletion::10:4,290,063-4,291,682(1619)	10	amb	alnScore_std	2634.80548333
Deletion::10:4,290,063-4,291,682(1619)	10	alt	insertSize_mean	6693.2
Deletion::10:4,290,063-4,291,682(1619)	10	alt	insertSize_std	2918.10084815
Deletion::10:4,290,063-4,291,682(1619)	10	amb	insertSize_mean	2489.12582781
Deletion::10:4,290,063-4,291,682(1619)	10	amb	insertSize_std	1719.91643608
Deletion::10:9,438,233-9,438,400(167)	10	alt	count	17
Deletion::10:9,438,233-9,438,400(167)	10	amb	count	165
Deletion::10:9,438,233-9,438,400(167)	10	alt	reason_alignmentScore	17
Deletion::10:9,438,233-9,438,400(167)	10	amb	reason_alignmentScore_alignmentScore	60
Deletion::10:9,438,233-9,438,400(167)	10	amb	reason_multimapping	2
Deletion::10:9,438,233-9,438,400(167)	10	amb	reason_same_scores	103
Deletion::10:9,438,233-9,438,400(167)	10	alt	alnScore_mean	7577.11764706
Deletion::10:9,438,233-9,438,400(167)	10	alt	alnScore_std	3286.99929101
Deletion::10:9,438,233-9,438,400(167)	10	amb	alnScore_mean	3177.86060606
Deletion::10:9,438,233-9,438,400(167)	10	amb	alnScore_std	2444.43143268
Deletion::10:9,438,233-9,438,400(167)	10	alt	insertSize_mean	4829.41176471
Deletion::10:9,438,233-9,438,400(167)	10	alt	insertSize_std	2214.00390719
Deletion::10:9,438,233-9,438,400(167)	10	amb	insertSize_mean	2115.69090909
Deletion::10:9,438,233-9,438,400(167)	10	amb	insertSize_std	1587.65996137