variant	sample	allele	key	value
Deletion::22:37,127,074-37,127,245(171)	22	alt	count	24
Deletion::22:37,127,074-37,127,245(171)	22	amb	count	329
Deletion::22:37,127,074-37,127,245(171)	22	ref	count	1
Deletion::22:37,127,074-37,127,245(171)	22	alt	reason_alignmentScore	24
Deletion::22:37,127,074-37,127,245(171)	22	amb	reason_alignmentScore_alignmentScore	240
Deletion::22:37,127,074-37,127,245(171)	22	amb	reason_multimapping	5
Deletion::22:37,127,074-37,127,245(171)	22	amb	reason_orientation_orientation	2
Deletion::22:37,127,074-37,127,245(171)	22	amb	reason_same_scores	82
Deletion::22:37,127,074-37,127,245(171)	22	ref	reason_orientation	1
Deletion::22:37,127,074-37,127,245(171)	22	alt	alnScore_mean	920.25
Deletion::22:37,127,074-37,127,245(171)	22	alt	alnScore_std	37.3823153376
Deletion::22:37,127,074-37,127,245(171)	22	amb	alnScore_mean	487.252279635
Deletion::22:37,127,074-37,127,245(171)	22	amb	alnScore_std	368.606239035
Deletion::22:37,127,074-37,127,245(171)	22	ref	alnScore_mean	871.0
Deletion::22:37,127,074-37,127,245(171)	22	ref	alnScore_std	0.0
Deletion::22:37,127,074-37,127,245(171)	22	alt	insertSize_mean	417.625
Deletion::22:37,127,074-37,127,245(171)	22	alt	insertSize_std	145.003969055
Deletion::22:37,127,074-37,127,245(171)	22	amb	insertSize_mean	326.069908815
Deletion::22:37,127,074-37,127,245(171)	22	amb	insertSize_std	255.283520745
Deletion::22:37,127,074-37,127,245(171)	22	ref	insertSize_mean	227.0
Deletion::22:37,127,074-37,127,245(171)	22	ref	insertSize_std	0.0