variant	sample	allele	key	value
Deletion::11:124,830,139-124,830,246(107)	11	alt	count	10
Deletion::11:124,830,139-124,830,246(107)	11	amb	count	104
Deletion::11:124,830,139-124,830,246(107)	11	alt	reason_alignmentScore	10
Deletion::11:124,830,139-124,830,246(107)	11	amb	reason_alignmentScore_alignmentScore	38
Deletion::11:124,830,139-124,830,246(107)	11	amb	reason_same_scores	66
Deletion::11:124,830,139-124,830,246(107)	11	alt	alnScore_mean	7401.7
Deletion::11:124,830,139-124,830,246(107)	11	alt	alnScore_std	5634.36763178
Deletion::11:124,830,139-124,830,246(107)	11	amb	alnScore_mean	3197.60576923
Deletion::11:124,830,139-124,830,246(107)	11	amb	alnScore_std	2295.65371291
Deletion::11:124,830,139-124,830,246(107)	11	alt	insertSize_mean	5014.6
Deletion::11:124,830,139-124,830,246(107)	11	alt	insertSize_std	3651.11799864
Deletion::11:124,830,139-124,830,246(107)	11	amb	insertSize_mean	2149.43269231
Deletion::11:124,830,139-124,830,246(107)	11	amb	insertSize_std	1572.92096459