variant	sample	allele	key	value
Deletion::14:80,106,289-80,115,049(8760)	14	alt	count	17
Deletion::14:80,106,289-80,115,049(8760)	14	amb	count	449
Deletion::14:80,106,289-80,115,049(8760)	14	ref	count	290
Deletion::14:80,106,289-80,115,049(8760)	14	alt	reason_alignmentScore	13
Deletion::14:80,106,289-80,115,049(8760)	14	alt	reason_insertSizeScore	4
Deletion::14:80,106,289-80,115,049(8760)	14	amb	reason_alignmentScore_alignmentScore	115
Deletion::14:80,106,289-80,115,049(8760)	14	amb	reason_multimapping	197
Deletion::14:80,106,289-80,115,049(8760)	14	amb	reason_orientation_alignmentScore	1
Deletion::14:80,106,289-80,115,049(8760)	14	amb	reason_orientation_orientation	2
Deletion::14:80,106,289-80,115,049(8760)	14	amb	reason_same_scores	134
Deletion::14:80,106,289-80,115,049(8760)	14	ref	reason_alignmentScore	290
Deletion::14:80,106,289-80,115,049(8760)	14	alt	alnScore_mean	938.529411765
Deletion::14:80,106,289-80,115,049(8760)	14	alt	alnScore_std	30.2618331684
Deletion::14:80,106,289-80,115,049(8760)	14	amb	alnScore_mean	882.167037862
Deletion::14:80,106,289-80,115,049(8760)	14	amb	alnScore_std	118.976261151
Deletion::14:80,106,289-80,115,049(8760)	14	ref	alnScore_mean	946.568965517
Deletion::14:80,106,289-80,115,049(8760)	14	ref	alnScore_std	31.4455808358
Deletion::14:80,106,289-80,115,049(8760)	14	alt	insertSize_mean	452.470588235
Deletion::14:80,106,289-80,115,049(8760)	14	alt	insertSize_std	104.726039038
Deletion::14:80,106,289-80,115,049(8760)	14	amb	insertSize_mean	565.986636971
Deletion::14:80,106,289-80,115,049(8760)	14	amb	insertSize_std	877.837901134
Deletion::14:80,106,289-80,115,049(8760)	14	ref	insertSize_mean	454.089655172
Deletion::14:80,106,289-80,115,049(8760)	14	ref	insertSize_std	144.138291701