variant	sample	allele	key	value
Deletion::15:68,063,459-68,063,514(55)	15	alt	count	45
Deletion::15:68,063,459-68,063,514(55)	15	amb	count	217
Deletion::15:68,063,459-68,063,514(55)	15	alt	reason_alignmentScore	45
Deletion::15:68,063,459-68,063,514(55)	15	amb	reason_alignmentScore_alignmentScore	40
Deletion::15:68,063,459-68,063,514(55)	15	amb	reason_same_scores	177
Deletion::15:68,063,459-68,063,514(55)	15	alt	alnScore_mean	14521.4222222
Deletion::15:68,063,459-68,063,514(55)	15	alt	alnScore_std	6118.41446596
Deletion::15:68,063,459-68,063,514(55)	15	amb	alnScore_mean	9778.25345622
Deletion::15:68,063,459-68,063,514(55)	15	amb	alnScore_std	4904.68786807
Deletion::15:68,063,459-68,063,514(55)	15	alt	insertSize_mean	7285.64444444
Deletion::15:68,063,459-68,063,514(55)	15	alt	insertSize_std	3056.6273582
Deletion::15:68,063,459-68,063,514(55)	15	amb	insertSize_mean	4911.04147465
Deletion::15:68,063,459-68,063,514(55)	15	amb	insertSize_std	2463.87723061