variant	sample	allele	key	value
Deletion::11:124,830,139-124,830,246(107)	11	alt	count	34
Deletion::11:124,830,139-124,830,246(107)	11	amb	count	193
Deletion::11:124,830,139-124,830,246(107)	11	alt	reason_alignmentScore	34
Deletion::11:124,830,139-124,830,246(107)	11	amb	reason_alignmentScore_alignmentScore	65
Deletion::11:124,830,139-124,830,246(107)	11	amb	reason_multimapping	4
Deletion::11:124,830,139-124,830,246(107)	11	amb	reason_same_scores	124
Deletion::11:124,830,139-124,830,246(107)	11	alt	alnScore_mean	933.529411765
Deletion::11:124,830,139-124,830,246(107)	11	alt	alnScore_std	29.455085743
Deletion::11:124,830,139-124,830,246(107)	11	amb	alnScore_mean	836.533678756
Deletion::11:124,830,139-124,830,246(107)	11	amb	alnScore_std	189.599141237
Deletion::11:124,830,139-124,830,246(107)	11	alt	insertSize_mean	458.911764706
Deletion::11:124,830,139-124,830,246(107)	11	alt	insertSize_std	106.734791628
Deletion::11:124,830,139-124,830,246(107)	11	amb	insertSize_mean	487.347150259
Deletion::11:124,830,139-124,830,246(107)	11	amb	insertSize_std	284.668061773