variant	sample	allele	key	value
Deletion::17:81,025,597-81,025,682(85)	17	alt	count	11
Deletion::17:81,025,597-81,025,682(85)	17	amb	count	193
Deletion::17:81,025,597-81,025,682(85)	17	ref	count	10
Deletion::17:81,025,597-81,025,682(85)	17	alt	reason_alignmentScore	10
Deletion::17:81,025,597-81,025,682(85)	17	alt	reason_orientation	1
Deletion::17:81,025,597-81,025,682(85)	17	amb	reason_alignmentScore_alignmentScore	150
Deletion::17:81,025,597-81,025,682(85)	17	amb	reason_multimapping	29
Deletion::17:81,025,597-81,025,682(85)	17	amb	reason_same_scores	14
Deletion::17:81,025,597-81,025,682(85)	17	ref	reason_alignmentScore	10
Deletion::17:81,025,597-81,025,682(85)	17	alt	alnScore_mean	906.727272727
Deletion::17:81,025,597-81,025,682(85)	17	alt	alnScore_std	43.0983883037
Deletion::17:81,025,597-81,025,682(85)	17	amb	alnScore_mean	595.243523316
Deletion::17:81,025,597-81,025,682(85)	17	amb	alnScore_std	214.147926627
Deletion::17:81,025,597-81,025,682(85)	17	ref	alnScore_mean	921.9
Deletion::17:81,025,597-81,025,682(85)	17	ref	alnScore_std	27.9300912995
Deletion::17:81,025,597-81,025,682(85)	17	alt	insertSize_mean	466.272727273
Deletion::17:81,025,597-81,025,682(85)	17	alt	insertSize_std	96.4658120401
Deletion::17:81,025,597-81,025,682(85)	17	amb	insertSize_mean	483.968911917
Deletion::17:81,025,597-81,025,682(85)	17	amb	insertSize_std	173.158883785
Deletion::17:81,025,597-81,025,682(85)	17	ref	insertSize_mean	362.0
Deletion::17:81,025,597-81,025,682(85)	17	ref	insertSize_std	45.1530729851