variant	sample	allele	key	value
Deletion::8:11,245,559-11,247,207(1648)	8	alt	count	5
Deletion::8:11,245,559-11,247,207(1648)	8	amb	count	161
Deletion::8:11,245,559-11,247,207(1648)	8	alt	reason_alignmentScore	5
Deletion::8:11,245,559-11,247,207(1648)	8	amb	reason_alignmentScore_alignmentScore	52
Deletion::8:11,245,559-11,247,207(1648)	8	amb	reason_same_scores	109
Deletion::8:11,245,559-11,247,207(1648)	8	alt	alnScore_mean	12473.6
Deletion::8:11,245,559-11,247,207(1648)	8	alt	alnScore_std	6333.22984266
Deletion::8:11,245,559-11,247,207(1648)	8	amb	alnScore_mean	3078.97515528
Deletion::8:11,245,559-11,247,207(1648)	8	amb	alnScore_std	2298.50954124
Deletion::8:11,245,559-11,247,207(1648)	8	alt	insertSize_mean	7819.8
Deletion::8:11,245,559-11,247,207(1648)	8	alt	insertSize_std	3860.76372755
Deletion::8:11,245,559-11,247,207(1648)	8	amb	insertSize_mean	2057.48447205
Deletion::8:11,245,559-11,247,207(1648)	8	amb	insertSize_std	1486.43387957
Deletion::8:84,959,373-84,959,555(182)	8	alt	count	10
Deletion::8:84,959,373-84,959,555(182)	8	amb	count	169
Deletion::8:84,959,373-84,959,555(182)	8	alt	reason_alignmentScore	10
Deletion::8:84,959,373-84,959,555(182)	8	amb	reason_alignmentScore_alignmentScore	49
Deletion::8:84,959,373-84,959,555(182)	8	amb	reason_same_scores	120
Deletion::8:84,959,373-84,959,555(182)	8	alt	alnScore_mean	4851.0
Deletion::8:84,959,373-84,959,555(182)	8	alt	alnScore_std	2683.94686982
Deletion::8:84,959,373-84,959,555(182)	8	amb	alnScore_mean	3596.65680473
Deletion::8:84,959,373-84,959,555(182)	8	amb	alnScore_std	2716.10458106
Deletion::8:84,959,373-84,959,555(182)	8	alt	insertSize_mean	3029.9
Deletion::8:84,959,373-84,959,555(182)	8	alt	insertSize_std	1550.09918715
Deletion::8:84,959,373-84,959,555(182)	8	amb	insertSize_mean	2384.24852071
Deletion::8:84,959,373-84,959,555(182)	8	amb	insertSize_std	1792.01962948