variant	sample	allele	key	value
Deletion::16:89,408,396-89,408,485(89)	16	alt	count	2
Deletion::16:89,408,396-89,408,485(89)	16	amb	count	214
Deletion::16:89,408,396-89,408,485(89)	16	ref	count	4
Deletion::16:89,408,396-89,408,485(89)	16	alt	reason_alignmentScore	2
Deletion::16:89,408,396-89,408,485(89)	16	amb	reason_alignmentScore_alignmentScore	92
Deletion::16:89,408,396-89,408,485(89)	16	amb	reason_multimapping	2
Deletion::16:89,408,396-89,408,485(89)	16	amb	reason_orientation_orientation	6
Deletion::16:89,408,396-89,408,485(89)	16	amb	reason_same_scores	114
Deletion::16:89,408,396-89,408,485(89)	16	ref	reason_alignmentScore	4
Deletion::16:89,408,396-89,408,485(89)	16	alt	alnScore_mean	847.0
Deletion::16:89,408,396-89,408,485(89)	16	alt	alnScore_std	47.0
Deletion::16:89,408,396-89,408,485(89)	16	amb	alnScore_mean	813.948598131
Deletion::16:89,408,396-89,408,485(89)	16	amb	alnScore_std	168.327651598
Deletion::16:89,408,396-89,408,485(89)	16	ref	alnScore_mean	915.75
Deletion::16:89,408,396-89,408,485(89)	16	ref	alnScore_std	30.5481177816
Deletion::16:89,408,396-89,408,485(89)	16	alt	insertSize_mean	380.0
Deletion::16:89,408,396-89,408,485(89)	16	alt	insertSize_std	165.0
Deletion::16:89,408,396-89,408,485(89)	16	amb	insertSize_mean	444.523364486
Deletion::16:89,408,396-89,408,485(89)	16	amb	insertSize_std	232.004505507
Deletion::16:89,408,396-89,408,485(89)	16	ref	insertSize_mean	481.75
Deletion::16:89,408,396-89,408,485(89)	16	ref	insertSize_std	161.396057882