variant	sample	allele	key	value
Deletion::15:68,063,459-68,063,514(55)	15	alt	count	35
Deletion::15:68,063,459-68,063,514(55)	15	amb	count	93
Deletion::15:68,063,459-68,063,514(55)	15	ref	count	1
Deletion::15:68,063,459-68,063,514(55)	15	alt	reason_alignmentScore	35
Deletion::15:68,063,459-68,063,514(55)	15	amb	reason_alignmentScore_alignmentScore	31
Deletion::15:68,063,459-68,063,514(55)	15	amb	reason_same_scores	62
Deletion::15:68,063,459-68,063,514(55)	15	ref	reason_alignmentScore	1
Deletion::15:68,063,459-68,063,514(55)	15	alt	alnScore_mean	4091.62857143
Deletion::15:68,063,459-68,063,514(55)	15	alt	alnScore_std	1965.70946968
Deletion::15:68,063,459-68,063,514(55)	15	amb	alnScore_mean	2822.3655914
Deletion::15:68,063,459-68,063,514(55)	15	amb	alnScore_std	2454.52959287
Deletion::15:68,063,459-68,063,514(55)	15	ref	alnScore_mean	4915.0
Deletion::15:68,063,459-68,063,514(55)	15	ref	alnScore_std	0.0
Deletion::15:68,063,459-68,063,514(55)	15	alt	insertSize_mean	2640.22857143
Deletion::15:68,063,459-68,063,514(55)	15	alt	insertSize_std	1285.21220228
Deletion::15:68,063,459-68,063,514(55)	15	amb	insertSize_mean	1890.40860215
Deletion::15:68,063,459-68,063,514(55)	15	amb	insertSize_std	1538.21980082
Deletion::15:68,063,459-68,063,514(55)	15	ref	insertSize_mean	3164.0
Deletion::15:68,063,459-68,063,514(55)	15	ref	insertSize_std	0.0