variant	sample	allele	key	value
Deletion::10:4,290,063-4,291,682(1619)	10	alt	count	46
Deletion::10:4,290,063-4,291,682(1619)	10	amb	count	182
Deletion::10:4,290,063-4,291,682(1619)	10	alt	reason_alignmentScore	46
Deletion::10:4,290,063-4,291,682(1619)	10	amb	reason_alignmentScore_alignmentScore	25
Deletion::10:4,290,063-4,291,682(1619)	10	amb	reason_same_scores	157
Deletion::10:4,290,063-4,291,682(1619)	10	alt	alnScore_mean	14978.5217391
Deletion::10:4,290,063-4,291,682(1619)	10	alt	alnScore_std	5631.21044112
Deletion::10:4,290,063-4,291,682(1619)	10	amb	alnScore_mean	8467.10989011
Deletion::10:4,290,063-4,291,682(1619)	10	amb	alnScore_std	4600.35602648
Deletion::10:4,290,063-4,291,682(1619)	10	alt	insertSize_mean	7536.2826087
Deletion::10:4,290,063-4,291,682(1619)	10	alt	insertSize_std	2828.16329753
Deletion::10:4,290,063-4,291,682(1619)	10	amb	insertSize_mean	4252.56043956
Deletion::10:4,290,063-4,291,682(1619)	10	amb	insertSize_std	2308.48659196
Deletion::10:9,438,233-9,438,400(167)	10	alt	count	34
Deletion::10:9,438,233-9,438,400(167)	10	amb	count	144
Deletion::10:9,438,233-9,438,400(167)	10	alt	reason_alignmentScore	34
Deletion::10:9,438,233-9,438,400(167)	10	amb	reason_alignmentScore_alignmentScore	9
Deletion::10:9,438,233-9,438,400(167)	10	amb	reason_same_scores	135
Deletion::10:9,438,233-9,438,400(167)	10	alt	alnScore_mean	8646.70588235
Deletion::10:9,438,233-9,438,400(167)	10	alt	alnScore_std	4552.60169011
Deletion::10:9,438,233-9,438,400(167)	10	amb	alnScore_mean	6488.88194444
Deletion::10:9,438,233-9,438,400(167)	10	amb	alnScore_std	3564.3459691
Deletion::10:9,438,233-9,438,400(167)	10	alt	insertSize_mean	4402.41176471
Deletion::10:9,438,233-9,438,400(167)	10	alt	insertSize_std	2283.46799096
Deletion::10:9,438,233-9,438,400(167)	10	amb	insertSize_mean	3327.0
Deletion::10:9,438,233-9,438,400(167)	10	amb	insertSize_std	1820.22450538