variant	sample	allele	key	value
Deletion::14:80,106,289-80,115,049(8760)	14	alt	count	178
Deletion::14:80,106,289-80,115,049(8760)	14	amb	count	3817
Deletion::14:80,106,289-80,115,049(8760)	14	ref	count	2691
Deletion::14:80,106,289-80,115,049(8760)	14	alt	reason_alignmentScore	82
Deletion::14:80,106,289-80,115,049(8760)	14	alt	reason_insertSizeScore	96
Deletion::14:80,106,289-80,115,049(8760)	14	amb	reason_alignmentScore_alignmentScore	255
Deletion::14:80,106,289-80,115,049(8760)	14	amb	reason_multimapping	2858
Deletion::14:80,106,289-80,115,049(8760)	14	amb	reason_orientation_alignmentScore	5
Deletion::14:80,106,289-80,115,049(8760)	14	amb	reason_orientation_orientation	2
Deletion::14:80,106,289-80,115,049(8760)	14	amb	reason_same_scores	697
Deletion::14:80,106,289-80,115,049(8760)	14	ref	reason_alignmentScore	2691
Deletion::14:80,106,289-80,115,049(8760)	14	alt	alnScore_mean	400.960674157
Deletion::14:80,106,289-80,115,049(8760)	14	alt	alnScore_std	4.43728122999
Deletion::14:80,106,289-80,115,049(8760)	14	amb	alnScore_mean	383.927691905
Deletion::14:80,106,289-80,115,049(8760)	14	amb	alnScore_std	46.0871247314
Deletion::14:80,106,289-80,115,049(8760)	14	ref	alnScore_mean	401.163136381
Deletion::14:80,106,289-80,115,049(8760)	14	ref	alnScore_std	4.37389400487
Deletion::14:80,106,289-80,115,049(8760)	14	alt	insertSize_mean	343.792134831
Deletion::14:80,106,289-80,115,049(8760)	14	alt	insertSize_std	65.982688783
Deletion::14:80,106,289-80,115,049(8760)	14	amb	insertSize_mean	674.577678805
Deletion::14:80,106,289-80,115,049(8760)	14	amb	insertSize_std	1434.52809102
Deletion::14:80,106,289-80,115,049(8760)	14	ref	insertSize_mean	322.543664065
Deletion::14:80,106,289-80,115,049(8760)	14	ref	insertSize_std	70.8223438769