variant	sample	allele	key	value
Deletion::14:80,106,289-80,115,049(8760)	14	alt	count	29
Deletion::14:80,106,289-80,115,049(8760)	14	amb	count	204
Deletion::14:80,106,289-80,115,049(8760)	14	ref	count	77
Deletion::14:80,106,289-80,115,049(8760)	14	alt	reason_alignmentScore	29
Deletion::14:80,106,289-80,115,049(8760)	14	amb	reason_alignmentScore_alignmentScore	47
Deletion::14:80,106,289-80,115,049(8760)	14	amb	reason_multimapping	1
Deletion::14:80,106,289-80,115,049(8760)	14	amb	reason_same_scores	156
Deletion::14:80,106,289-80,115,049(8760)	14	ref	reason_alignmentScore	77
Deletion::14:80,106,289-80,115,049(8760)	14	alt	alnScore_mean	15415.3448276
Deletion::14:80,106,289-80,115,049(8760)	14	alt	alnScore_std	6425.03468541
Deletion::14:80,106,289-80,115,049(8760)	14	amb	alnScore_mean	8719.34313725
Deletion::14:80,106,289-80,115,049(8760)	14	amb	alnScore_std	4495.81128035
Deletion::14:80,106,289-80,115,049(8760)	14	ref	alnScore_mean	12368.1428571
Deletion::14:80,106,289-80,115,049(8760)	14	ref	alnScore_std	6557.27808932
Deletion::14:80,106,289-80,115,049(8760)	14	alt	insertSize_mean	7715.13793103
Deletion::14:80,106,289-80,115,049(8760)	14	alt	insertSize_std	3216.07218915
Deletion::14:80,106,289-80,115,049(8760)	14	amb	insertSize_mean	4363.15196078
Deletion::14:80,106,289-80,115,049(8760)	14	amb	insertSize_std	2249.1864589
Deletion::14:80,106,289-80,115,049(8760)	14	ref	insertSize_mean	6189.49350649
Deletion::14:80,106,289-80,115,049(8760)	14	ref	insertSize_std	3279.71686545