variant	sample	allele	key	value
Deletion::12:10,813,067-10,813,239(172)	12	alt	count	23
Deletion::12:10,813,067-10,813,239(172)	12	amb	count	126
Deletion::12:10,813,067-10,813,239(172)	12	alt	reason_alignmentScore	23
Deletion::12:10,813,067-10,813,239(172)	12	amb	reason_alignmentScore_alignmentScore	36
Deletion::12:10,813,067-10,813,239(172)	12	amb	reason_same_scores	90
Deletion::12:10,813,067-10,813,239(172)	12	alt	alnScore_mean	5541.30434783
Deletion::12:10,813,067-10,813,239(172)	12	alt	alnScore_std	4444.07273484
Deletion::12:10,813,067-10,813,239(172)	12	amb	alnScore_mean	2906.67460317
Deletion::12:10,813,067-10,813,239(172)	12	amb	alnScore_std	1949.25905267
Deletion::12:10,813,067-10,813,239(172)	12	alt	insertSize_mean	3506.04347826
Deletion::12:10,813,067-10,813,239(172)	12	alt	insertSize_std	2858.05769374
Deletion::12:10,813,067-10,813,239(172)	12	amb	insertSize_mean	1936.75396825
Deletion::12:10,813,067-10,813,239(172)	12	amb	insertSize_std	1250.61490074
Deletion::12:62,295,032-62,295,217(185)	12	alt	count	12
Deletion::12:62,295,032-62,295,217(185)	12	amb	count	111
Deletion::12:62,295,032-62,295,217(185)	12	alt	reason_alignmentScore	12
Deletion::12:62,295,032-62,295,217(185)	12	amb	reason_alignmentScore_alignmentScore	47
Deletion::12:62,295,032-62,295,217(185)	12	amb	reason_same_scores	64
Deletion::12:62,295,032-62,295,217(185)	12	alt	alnScore_mean	4578.25
Deletion::12:62,295,032-62,295,217(185)	12	alt	alnScore_std	1874.56199884
Deletion::12:62,295,032-62,295,217(185)	12	amb	alnScore_mean	3023.69369369
Deletion::12:62,295,032-62,295,217(185)	12	amb	alnScore_std	2263.45103965
Deletion::12:62,295,032-62,295,217(185)	12	alt	insertSize_mean	3030.16666667
Deletion::12:62,295,032-62,295,217(185)	12	alt	insertSize_std	1380.76734906
Deletion::12:62,295,032-62,295,217(185)	12	amb	insertSize_mean	2034.21621622
Deletion::12:62,295,032-62,295,217(185)	12	amb	insertSize_std	1482.091883