variant	sample	allele	key	value
Deletion::6:23,743,260-23,745,945(2685)	6	alt	count	1
Deletion::6:23,743,260-23,745,945(2685)	6	amb	count	149
Deletion::6:23,743,260-23,745,945(2685)	6	alt	reason_alignmentScore	1
Deletion::6:23,743,260-23,745,945(2685)	6	amb	reason_alignmentScore_alignmentScore	54
Deletion::6:23,743,260-23,745,945(2685)	6	amb	reason_same_scores	95
Deletion::6:23,743,260-23,745,945(2685)	6	alt	alnScore_mean	13583.0
Deletion::6:23,743,260-23,745,945(2685)	6	alt	alnScore_std	0.0
Deletion::6:23,743,260-23,745,945(2685)	6	amb	alnScore_mean	3056.51006711
Deletion::6:23,743,260-23,745,945(2685)	6	amb	alnScore_std	2213.22416767
Deletion::6:23,743,260-23,745,945(2685)	6	alt	insertSize_mean	8480.0
Deletion::6:23,743,260-23,745,945(2685)	6	alt	insertSize_std	0.0
Deletion::6:23,743,260-23,745,945(2685)	6	amb	insertSize_mean	2036.36912752
Deletion::6:23,743,260-23,745,945(2685)	6	amb	insertSize_std	1483.58206704
Deletion::6:157,699,904-157,703,269(3365)	6	alt	count	6
Deletion::6:157,699,904-157,703,269(3365)	6	amb	count	125
Deletion::6:157,699,904-157,703,269(3365)	6	ref	count	9
Deletion::6:157,699,904-157,703,269(3365)	6	alt	reason_alignmentScore	6
Deletion::6:157,699,904-157,703,269(3365)	6	amb	reason_alignmentScore_alignmentScore	43
Deletion::6:157,699,904-157,703,269(3365)	6	amb	reason_multimapping	1
Deletion::6:157,699,904-157,703,269(3365)	6	amb	reason_same_scores	81
Deletion::6:157,699,904-157,703,269(3365)	6	ref	reason_alignmentScore	9
Deletion::6:157,699,904-157,703,269(3365)	6	alt	alnScore_mean	6411.5
Deletion::6:157,699,904-157,703,269(3365)	6	alt	alnScore_std	4790.82257203
Deletion::6:157,699,904-157,703,269(3365)	6	amb	alnScore_mean	2916.824
Deletion::6:157,699,904-157,703,269(3365)	6	amb	alnScore_std	2023.47859713
Deletion::6:157,699,904-157,703,269(3365)	6	ref	alnScore_mean	6071.66666667
Deletion::6:157,699,904-157,703,269(3365)	6	ref	alnScore_std	5670.49235566
Deletion::6:157,699,904-157,703,269(3365)	6	alt	insertSize_mean	4413.0
Deletion::6:157,699,904-157,703,269(3365)	6	alt	insertSize_std	3288.30594684
Deletion::6:157,699,904-157,703,269(3365)	6	amb	insertSize_mean	1986.048
Deletion::6:157,699,904-157,703,269(3365)	6	amb	insertSize_std	1327.233977
Deletion::6:157,699,904-157,703,269(3365)	6	ref	insertSize_mean	3914.11111111
Deletion::6:157,699,904-157,703,269(3365)	6	ref	insertSize_std	3676.34708325