variant	sample	allele	key	value
Deletion::17:81,025,597-81,025,682(85)	17	alt	count	4
Deletion::17:81,025,597-81,025,682(85)	17	amb	count	112
Deletion::17:81,025,597-81,025,682(85)	17	ref	count	1
Deletion::17:81,025,597-81,025,682(85)	17	alt	reason_alignmentScore	4
Deletion::17:81,025,597-81,025,682(85)	17	amb	reason_alignmentScore_alignmentScore	45
Deletion::17:81,025,597-81,025,682(85)	17	amb	reason_same_scores	67
Deletion::17:81,025,597-81,025,682(85)	17	ref	reason_alignmentScore	1
Deletion::17:81,025,597-81,025,682(85)	17	alt	alnScore_mean	8172.0
Deletion::17:81,025,597-81,025,682(85)	17	alt	alnScore_std	2051.5345476
Deletion::17:81,025,597-81,025,682(85)	17	amb	alnScore_mean	3337.58035714
Deletion::17:81,025,597-81,025,682(85)	17	amb	alnScore_std	2215.36725284
Deletion::17:81,025,597-81,025,682(85)	17	ref	alnScore_mean	6779.0
Deletion::17:81,025,597-81,025,682(85)	17	ref	alnScore_std	0.0
Deletion::17:81,025,597-81,025,682(85)	17	alt	insertSize_mean	5328.25
Deletion::17:81,025,597-81,025,682(85)	17	alt	insertSize_std	1180.57493938
Deletion::17:81,025,597-81,025,682(85)	17	amb	insertSize_mean	2283.83035714
Deletion::17:81,025,597-81,025,682(85)	17	amb	insertSize_std	1547.2304917
Deletion::17:81,025,597-81,025,682(85)	17	ref	insertSize_mean	4213.0
Deletion::17:81,025,597-81,025,682(85)	17	ref	insertSize_std	0.0